{"cameraMode":{"drawMode":0,"name":"Shaded","section":"Shading Mode"},"sceneLighting":true,"audioPlay":false,"sceneViewState":{"showFog":true,"showMaterialUpdate":false,"showSkybox":true,"showFlares":true,"showImageEffects":true,"showParticleSystems":true},"in2DMode":false,"pivot":{"x":1032.99169921875,"y":550.0690307617188,"z":735.4326171875},"rotation":{"x":-0.02243240550160408,"y":0.0764063224196434,"z":-0.0017194777028635145,"w":-0.9968229532241821},"size":1704.12060546875,"orthographic":true}